,Names,Comments,Dates,IDFather,IDChild,Likes
0,shane_thomas_scholefield,@benjamindonhardtofficial ğŸ¤£ğŸ¤£,9 sem,-1,-1,Responder
1,benjamindonhardtofficial,@shane_thomas_scholefield ğŸ˜‚ğŸ˜‚ğŸ˜‚ğŸ˜‚,9 sem,0,0,Responder
2,layssaandressaa,@marcos_orion2019 atrasada no trabalho ğŸ˜‚ğŸ˜‚ğŸ˜‚,8 sem,-1,-1,Responder
3,karenhigdon29,@evafgarcia_ o interior do meu eh esse,6 sem,-1,-1,Responder
4,mina.tandis,ğŸ˜®ğŸ˜‚,6 sem,-1,-1,Responder
5,arthurguerra72,@andrewthomasus I know a guy,6 sem,-1,-1,Responder
6,andrewthomasus,@arthurguerra72 i canâ€™t help it ğŸš€ she flies,6 sem,5,0,Responder
7,enlivedufer,#enlivedufer ğŸ¥ğŸš˜,4 sem,-1,-1,Responder
8,unapologetically_tayla,@c_williams48,4 sem,-1,-1,1 Me gusta
9,9eglence1,@jkalachian,3 sem,-1,-1,Responder
10,jkalachian,@9eglence1 funny,3 sem,9,0,Responder
11,vi_ttorio,@lida.b79 ğŸ˜‹,2 sem,-1,-1,Responder
12,kevinfriesen,@caitlinmymryk,2 sem,-1,-1,Responder
13,myprivatesppam,@dineseb,10 h,-1,-1,1 Me gusta
14,ahmaddiyatucker,Us soon @kimkardashian,4 h,-1,-1,1 Me gusta
15,altmax66,@will_jcb,23 sem,-1,-1,1 Me gusta
16,uzeifa.shair,@iliasse_mussa @muh_.786,23 sem,-1,-1,Responder
17,uzeifa.shair,@_zahra.sofia_,23 sem,-1,-1,Responder
18,tobias_frank_,@oliverisdigital :)),22 sem,-1,-1,Responder
19,steve.reznick,@emrez87,22 sem,-1,-1,1 Me gusta
20,emrez87,@steve.reznick ğŸ”¥ğŸ”¥for real though,22 sem,19,0,Responder
21,daniel_yousif2,@ajofn,22 sem,-1,-1,Responder
22,ajofn,@daniel_yousif2 ğŸ˜‚,22 sem,21,0,Responder
23,mate_bianchi,@luchichagas,22 sem,-1,-1,Responder
24,julianguttzeit,@thesupervincent,21 sem,-1,-1,Responder
25,motuharyanvi,hi,21 sem,-1,-1,Responder
26,mirweysahmadi,ÙˆØ§ÛŒ Ø®Ø¯Ø§ Ú†ÛŒ Ù…ÛŒØ´Ù‡ ÛŒÙ‡ Ø¯ÙˆÙ†Ù‡ Ø§Ø²ÛŒÙ†Ø§ Ø¯Ø§Ø´ØªÙ‡ Ø¨Ø§Ø´Ù…,19 sem,-1,-1,Responder
27,blowtokesmoke,@botanicalbookworm,19 sem,-1,-1,Responder
28,botanicalbookworm,@blowtokesmoke donâ€™t see this getting old everrrrrr ğŸ˜ğŸ,19 sem,27,0,Responder
29,sassyneneb,Haaa so me when my hubby is driving,19 sem,-1,-1,1 Me gusta
30,priyank777.official,Paid actorsğŸ˜‚ğŸ˜‚ğŸ˜‚ğŸ˜‚ğŸ˜‚,28 sem,-1,-1,Responder
31,zimuz,Preparati @90flowers,28 sem,-1,-1,1 Me gusta
32,giovanosso,@leonardousa,26 sem,-1,-1,Responder
33,leonardousa,@giovanosso ğŸ”¥ğŸ”¥ğŸ”¥,26 sem,32,0,Responder
34,kay_tamara,@suckerfreejoe I do this to you ğŸ¤£ğŸ¤£,26 sem,-1,-1,Responder
35,manuel_rsg,@fabio_kj9,26 sem,-1,-1,Responder
36,fabio_kj9,@manuel_rsg junge soooo gespannt man,26 sem,35,0,Responder
37,zookz88,@elmcfadyen,25 sem,-1,-1,Responder
38,elmcfadyen,@zookz88 gets me every time!!,25 sem,37,0,1 Me gusta
39,cars_and_cars.only,@sampadchaulia,25 sem,-1,-1,Responder
40,teamgreenesports,ğŸ™ŠğŸ™ˆğŸ™‰,24 sem,-1,-1,1 Me gusta
41,kry721,@nicole.f44,24 sem,-1,-1,Responder
42,nicolefreis,@kry721 I love it thoğŸ¤©,24 sem,41,0,Responder
43,djloso_official,ğŸ’¦,24 sem,-1,-1,Responder
44,lavell,@drjeffbarczak,24 sem,-1,-1,Responder
45,benmulchandani,@mason_rusk,24 sem,-1,-1,1 Me gusta
46,usc_srt8,@fit_affiliated,30 sem,-1,-1,Responder
47,fit_affiliated,@usc_srt8 lol tats gona be us haha ğŸ˜„,30 sem,46,0,1 Me gusta
48,usc_srt8,@fit_affiliated ğŸ”¥,30 sem,46,1,Responder
49,kolstadgbg,@therese.janerup.kolstad,29 sem,-1,-1,1 Me gusta
50,browndogg04,@__gingervitis_,29 sem,-1,-1,Responder
51,d_mack_13,@rhivnnon,29 sem,-1,-1,Responder
52,sangwoojeon,@encaraduckbae 5ë…„ë’¤ íƒœì›Œë“œë¦¼,29 sem,-1,-1,Responder
53,17duckbae,@flynn_jeon ì´ê²ƒì´ ìƒìš°ì˜ ë“œë¦¼ì¹´?,29 sem,52,0,Responder
54,osareme_ekhator,@katietyndalll,29 sem,-1,-1,Responder
55,katietyndalll,@osareme_ekhator lol glad Iâ€™m not alone,29 sem,54,0,1 Me gusta
56,kaatieemae,@leeek804 you do this in your charger when I used to ride in it with you. Especially under bridges or taking off from a toll,29 sem,-1,-1,Responder
57,jeremy3carter,@mamahutch2,29 sem,-1,-1,1 Me gusta
58,hkbat7619,@miabatiste_,29 sem,-1,-1,Responder
59,nembidzane,@lodrickmega_slime,28 sem,-1,-1,Responder
60,djdannydmusic,@shay_manshary,28 sem,-1,-1,1 Me gusta
61,jeremy3carter,@makadamianut_96,32 sem,-1,-1,2 Me gusta
62,jeremy3carter,@nathalyvvasquez,32 sem,-1,-1,Responder
63,pushkidsoffbikes_,@emilyghardy,32 sem,-1,-1,1 Me gusta
64,syboum,@manelbelha magicobus,32 sem,-1,-1,1 Me gusta
65,boss.2196,ğŸ‘ğŸ‘ğŸ‘ğŸ‘,31 sem,-1,-1,1 Me gusta
66,soren_feistel,FREAK FREAKY FREAKSHOW ğŸ˜‰ğŸ˜‰ğŸ˜‰ğŸ˜‰ğŸ˜‰ğŸ˜‰ğŸ˜‰ğŸ˜‰ğŸ˜‰ğŸ˜‰ğŸ˜‰,31 sem,-1,-1,1 Me gusta
67,ericwjya,@ratnaawy hehe yuk beli tesla,31 sem,-1,-1,1 Me gusta
68,janika_overgaard,@julie_lundsteen @michellebjoerklund ğŸ˜‚ğŸ˜‚,31 sem,-1,-1,2 Me gusta
69,michellebjoerklund,@janika_overgaard hahaha det sÃ¥ vildt ğŸ˜‚ğŸ˜‚ğŸ˜‚,30 sem,68,0,1 Me gusta
70,jimbodie,@emmadayyay,30 sem,-1,-1,Responder
71,senator_blair,@mackaivr,30 sem,-1,-1,1 Me gusta
72,mackaivr,@senator_blair this triggering a memory of us just made me so happy,30 sem,71,0,Responder
73,marie_in_amsterdam,@pkbeijing,30 sem,-1,-1,Responder
74,muhammadnaumaniqbal,That's why im eagerly waiting for @teslamotors to come in Pakistan ğŸ‡µğŸ‡° ğŸ˜‚ğŸ”¥,30 sem,-1,-1,1 Me gusta
75,_hugomnt_,@lamigatina,30 sem,-1,-1,Responder
76,lamigatina,@_hugomnt_ ses cheveux aussi ğŸ˜‚,30 sem,75,0,Responder
77,kaylaxxsmith_,@tiffany_goldie she hates it ğŸ˜‚ğŸ˜‚ğŸ˜‚,35 sem,-1,-1,Responder
78,folshed,@kayla_smith7428 I have no clue what is going on,32 sem,77,0,Responder
79,kaylaxxsmith_,@folshed they are just driving fast ğŸ¤£,32 sem,77,1,1 Me gusta
80,aleksfitzgerald,@kayla_smith7428 something happened on the slopeğŸ¤”,30 sem,77,2,Responder
81,atlasfitnessclub_ct,"Wow ğŸ¤©

ğŸ’ªğŸ»ğŸ˜!",35 sem,-1,-1,Responder
82,gotdoughhhh_,@k.streeet,35 sem,-1,-1,1 Me gusta
83,k.streeet,@gotdoughhhh_ always tryna kill me,35 sem,82,0,Responder
84,tinanotfey,@preet829,35 sem,-1,-1,Responder
85,zen_health_fitness,"Use my referral link to receive 1,000 free Supercharger miles
https://ts.la/maksood52013",35 sem,-1,-1,Responder
86,vague_canvas,@smasonnn canâ€™t stop doing it,35 sem,-1,-1,1 Me gusta
87,smasonnn,@vague_canvas bro Fr and it ainâ€™t even da Dual Motor ğŸ˜³,35 sem,86,0,1 Me gusta
88,oklanden,@lenegjostein,34 sem,-1,-1,Responder
89,arobbins12,Haha @jeffsroger :),34 sem,-1,-1,Responder
90,jeremy3carter,@_lennonjane_,32 sem,-1,-1,Responder
91,jeremy3carter,@__sarahhhhhhhh,32 sem,-1,-1,Responder
92,jeremy3carter,@hannahcurtis01 @mattcurtis01,32 sem,-1,-1,1 Me gusta
93,losvegasoftime,#xtinağŸ˜ğŸ˜ğŸ˜ğŸ˜ğŸ˜ğŸ˜ğŸ˜ğŸ˜ğŸ˜ğŸ˜ğŸ˜ğŸ˜ğŸ˜,45 sem,-1,-1,Responder
94,voxandoz,ğŸ”¥ğŸ”¥ğŸ”¥ğŸ”¥,44 sem,-1,-1,Responder
95,fernanda.escareno,Jajaja asi hago mi cara cuando aceleras ğŸ™Š @danielde.avila,42 sem,-1,-1,Responder
96,danielde.avila,@fernanda.escareno ğŸ¤™ğŸ¼ğŸ˜ asÃ­ mero maestra,42 sem,95,0,1 Me gusta
97,valemoxito,@vizzleforshizzle Orgi,42 sem,-1,-1,Responder
98,str8teneight,@itbehiten us ğŸ˜‚ğŸ˜‚ğŸ˜‚,42 sem,-1,-1,1 Me gusta
99,marlongallardo,@marlenarenae,42 sem,-1,-1,1 Me gusta
100,danyvalle12,Que les haga un tema @almightytgc,41 sem,-1,-1,Responder
101,singardeepakjaiswal,Love you,38 sem,-1,-1,Responder
102,_the_real_izzy,@ocampo_juanc,38 sem,-1,-1,Responder
103,siforov,ğŸ”¥ğŸ‘ğŸ’£,37 sem,-1,-1,Responder
104,leeon_mod3l,@paniagua_ambar21,37 sem,-1,-1,Responder
105,laurabfs,@felipe_moscatelly,36 sem,-1,-1,Responder
106,felipe_moscatelly,@laurabfs nÃ£o me convence,36 sem,105,0,Responder
107,felipe_moscatelly,Akkakaak,36 sem,-1,-1,1 Me gusta
108,barais_rian,@mccaverinha,52 sem,-1,-1,Responder
109,mayur__gupta,I found you here @radhika.wali,52 sem,-1,-1,Responder
110,jaxon_osaze7,@shad3zofgray ğŸ‘ŠğŸ¾â¤ï¸,51 sem,-1,-1,1 Me gusta
111,aleixabrado,@nataliacnbl,50 sem,-1,-1,1 Me gusta
112,nataliacnbl,@aleixabrado yaas âœ¨,50 sem,111,0,Responder
113,robbie.co.za,@tessabooyens â¤ï¸ğŸ”¥ğŸ”¥ğŸ˜‚ğŸ˜‚ğŸ˜,50 sem,-1,-1,Responder
114,tessabooyens,@robbbie__p ğŸ™„ğŸ™„ğŸ™„ I lowkey love this â¤ï¸,50 sem,113,0,Responder
115,thompson_g88,Not as fast as a tycan,50 sem,-1,-1,Responder
116,angelvivaldiofficial,Verificado,49 sem,-1,-1,1 Me gusta
117,cermudezbonnie,@angelvivaldiofficial it us â¤ï¸,49 sem,116,0,1 Me gusta
118,g_gregluis,ğŸ”¥,48 sem,-1,-1,Responder
119,nathan.kessinger,@rihabsobh,48 sem,-1,-1,Responder
120,eriikjung,@victoriously13,47 sem,-1,-1,1 Me gusta
121,marcelzerbini,@ra.fa.z,46 sem,-1,-1,Responder
122,gabriella_sadler,@gokarolina,59 sem,-1,-1,1 Me gusta
123,gokarolina,@gabriella_mammana Ã© o modelo do seu noivo?,59 sem,122,0,1 Me gusta
124,santiagocedill0,@gabriella_mammana prueba,52 sem,122,1,Responder
125,jigaar,@tani_,59 sem,-1,-1,1 Me gusta
126,tani_,@jigaar LMAAAO ğŸ‘€ğŸ‘€ğŸ˜‚,59 sem,125,0,Responder
127,santiagocedill0,@tani_ prueba respuesta,52 sem,125,1,1 Me gusta
128,daniel.dvh,@olga_sophie_b ğŸ˜œ,59 sem,-1,-1,Responder
129,olga_sophie_b,@daniel.dvh wel waar ja ğŸ˜±,59 sem,128,0,Responder
130,martinsmida,Haha ğŸ˜†,57 sem,-1,-1,Responder
131,carofortunaok,ğŸ”¥ğŸ‘ğŸ½,57 sem,-1,-1,Responder
132,thnkcreatively,@iamcardib,57 sem,-1,-1,2 Me gusta
133,madeupofexperiences_,Ik thatâ€™s not cardi in the background,56 sem,-1,-1,1 Me gusta
134,soloveomemes12,"This happened to me in Boston, I did a drive test haha",56 sem,-1,-1,1 Me gusta
135,mustafaa_tiry,@gadija_tiry,56 sem,-1,-1,Responder
136,ebrulette,@gokcekorpeoglu yeyyyy ğŸ˜ğŸ‘ğŸ»,54 sem,-1,-1,1 Me gusta
137,nass_ay,@s_chabs6 câ€™est pour quand ?ğŸ˜‚ğŸ˜‚ğŸ˜‚â¤ï¸,53 sem,-1,-1,Responder
138,santiagocedill0,prueba sola,52 sem,-1,-1,Responder
139,santiagocedill0,@santiagocedill0 respuesta,52 sem,138,0,Responder
140,santiagocedill0,@santiagocedill0 respuesta 2,52 sem,138,1,Responder
141,_zrobenz,forehead,62 sem,-1,-1,Responder
142,holyt0ria,@la.mikiii,61 sem,-1,-1,1 Me gusta
143,slyzerxlive,@abigailmo123love,61 sem,-1,-1,Responder
144,abigailmo123love,@slyzerxlive ğŸ¤£ğŸ¤£ğŸ¤£,61 sem,143,0,Responder
145,filiprocksen,@svenpunktcom,61 sem,-1,-1,Responder
146,svenpunktcom,@filiprocksen :D,61 sem,145,0,Responder
147,filiprocksen,@reneedepaulaa,61 sem,-1,-1,Responder
148,alifalah.am,@free6630,61 sem,-1,-1,Responder
149,just_so_you_kmow_umm,ğŸ’•ğŸ’•ğŸ˜…,61 sem,-1,-1,Responder
150,julia.oravitz,@jcoravitz,60 sem,-1,-1,Responder
151,julia.oravitz,@lococodamato ğŸ˜‚,60 sem,-1,-1,Responder
152,lococodamato,@julia.oravitz the besssst! Punch it!,60 sem,151,0,1 Me gusta
153,zoom_m3p,@xochibabyx3,60 sem,-1,-1,1 Me gusta
154,xochibabyx3,@zoom_m3p ğŸ˜‚,60 sem,153,0,Responder
155,majorantzsolt,ğŸ‘ğŸ‘ğŸ‘,60 sem,-1,-1,Responder
156,ash.pat.88,@nath_frank_mack,59 sem,-1,-1,1 Me gusta
157,bigstang,@harrysandersseo haha those feels,59 sem,-1,-1,Responder
158,marwanvibes,@andrewgoot I think he hates me for it tbh,66 sem,-1,-1,Responder
159,andrewgoot,@marwanthephidelt HAHAHA ğŸ˜’,66 sem,158,0,1 Me gusta
160,petertriminator,@mrs_kat_pearce remember doing this?,65 sem,-1,-1,1 Me gusta
161,mrs_kat_pearce,@petertriminator ğŸ˜‚ The Tesla was hilarious haha ğŸ‘ŒI swear you dented my head with my phone when you hit ludicrous + ğŸ˜‚,65 sem,160,0,Responder
162,infinitegodtv,What is he doing to her?,65 sem,-1,-1,1 Me gusta
163,icy_hennessey,@footballbaztv,65 sem,-1,-1,1 Me gusta
164,footballbaztv,@icy_hennessey ğŸ˜•ğŸ‘,65 sem,163,0,1 Me gusta
165,paulthepilot3,@lupita_briganti @missvera.ig @notcolin938,64 sem,-1,-1,2 Me gusta
166,missvera.ig,@paulthepilot3 ğŸ¤£ğŸ¤£ğŸ¤£ğŸ¤£ğŸ¤£,64 sem,165,0,Responder
167,purple_xenie,pharaka kiwa,64 sem,-1,-1,Responder
168,jimmyjamoco,Those induction motors have a lot of torque,64 sem,-1,-1,Responder
169,lshookz,@alaxwoody us today ğŸ˜‚,64 sem,-1,-1,Responder
170,chewy__huang,@lowkeysavvvvv,64 sem,-1,-1,1 Me gusta
171,savannah.smith09,@xuewei__huang this is definitely meğŸ¤£ ( forever),64 sem,170,0,1 Me gusta
172,sanjog_chhabra,teslağŸ‡®ğŸ‡³ğŸ‡®ğŸ‡³ who wants hit likeğŸ™‚,63 sem,-1,-1,2 Me gusta
173,iam_vinayvs,@sanjog_chhabra A Lot's of PEOPLE... ğŸ‘‘,62 sem,172,0,1 Me gusta
174,alldadstalk,@allmumstalk ğŸ˜…,63 sem,-1,-1,Responder
175,cmadrazom,@sofivallejo,71 sem,-1,-1,Responder
176,sofivallejo,@cmadrazom hahahaha la cabeza,71 sem,175,0,Responder
177,ali_bokhamseen,@a_abdulmutaleb @ashraf687,71 sem,-1,-1,2 Me gusta
178,sahilsalright,Is it me or he looks like Aldrich killian,70 sem,-1,-1,1 Me gusta
179,millenniumriver,Crazy fast acceleration cannot get old.,70 sem,-1,-1,1 Me gusta
180,nkryptdlife,Im done. ğŸ”¥ so is she,69 sem,-1,-1,Responder
181,i.a.m_jordan,Instant take offğŸš€âœ¨,68 sem,-1,-1,Responder
182,thejasminedavis,I can't wait to get one,67 sem,-1,-1,Responder
183,investment_711,Pure ecstacy! He just sealed the date.ğŸ”¥ğŸ”¥ğŸ”¥,67 sem,-1,-1,Responder
184,the_freem_team,Awwww... That looks like me and wifey type of love lol follow the Team for AUTHENTIC Videos ğŸ§¡ğŸ™ŒğŸ¼,67 sem,-1,-1,Responder
185,the_freem_team,@teslamotors,67 sem,-1,-1,Responder
186,the.only.patel,@alishap15,67 sem,-1,-1,1 Me gusta
187,alishap15,@the.only.patel hahaha I squirm way more ğŸ˜‚ğŸ˜‚,67 sem,186,0,Responder
188,sheyda_star,ğŸ˜‚,67 sem,-1,-1,Responder
189,parth_xv,Thanks to all the engineers working behind @teslamotors.,66 sem,-1,-1,Responder
190,mn.sang,@_mchelle.v,80 sem,-1,-1,1 Me gusta
191,mchllv_,@mnsang_ lmao those were my same reaction ! Plus the reaching for something to grab on the roof yet there was nothing ğŸ˜…,80 sem,190,0,1 Me gusta
192,mn.sang,@_mchelle.v thatâ€™s why I thought of you after watching this LOL,80 sem,190,1,1 Me gusta
193,yoskayt,@adrii._.01,79 sem,-1,-1,2 Me gusta
194,adriicass.01,@yoskayt esto se llama rompenucasğŸ˜‚ğŸ˜‚ğŸ˜‚â¤,79 sem,193,0,1 Me gusta
195,yoskayt,@adrii._.01 tal cual ğŸ˜‚ğŸ˜‚,79 sem,193,1,1 Me gusta
196,elyod3,Hahaha!! Love it!,79 sem,-1,-1,Responder
197,conectsteel,Top,78 sem,-1,-1,Responder
198,_sayravanessa,@chrischaidez123 youuuu.,77 sem,-1,-1,Responder
199,benko66992,@wisko5 ğŸ˜‚,76 sem,-1,-1,Responder
200,wisko5,@benko66992 ğŸ˜‚,75 sem,199,0,Responder
201,coderreg,@veronikahfx,76 sem,-1,-1,Responder
202,jessicabezak,This was you today ğŸ˜‚ğŸ˜‚ @amanda_bezak,75 sem,-1,-1,2 Me gusta
203,thevincenzolandino,@schmittastic ğŸ˜‚,75 sem,-1,-1,1 Me gusta
204,moregonevans,"@karen.a.va see, youâ€™re supposed to laugh ğŸ˜‰ğŸ˜˜â¤ï¸",71 sem,-1,-1,1 Me gusta
205,hoonyshinn,@dskang89,85 sem,-1,-1,Responder
206,zelmagutierrezgonzales,@marcelvanoasla,84 sem,-1,-1,1 Me gusta
207,tweej101,@samsammysambo,83 sem,-1,-1,1 Me gusta
208,samholmes23,@tweej101 oh hello,83 sem,207,0,1 Me gusta
209,tweej101,@samsammysambo this is me every time you do this! ğŸ˜‚,83 sem,207,1,1 Me gusta
210,ffernando7777,@bigdaddyvictoria,83 sem,-1,-1,1 Me gusta
211,ffernando7777,@polo.dlm,83 sem,-1,-1,1 Me gusta
212,polo.dlm,@ffernando7777 ğŸ˜‚ğŸ˜‚ğŸ˜‚,83 sem,211,0,1 Me gusta
213,halfbakedpinoy,My wife has the same reaction.. ğŸ¤£ğŸ˜‚ğŸ˜†ğŸŒğŸŒ‹,83 sem,-1,-1,4 Me gusta
214,andrew_rios_,@scottbrackenn,82 sem,-1,-1,Responder
215,scottbrackenn,@andrew_rios_ Lmaoo literally never gets old,82 sem,214,0,1 Me gusta
216,jay.liptak,What speed made her top come undone?,82 sem,-1,-1,5 Me gusta
217,j_o_e_y_s_,Thatâ€™s too cuteâ¤ï¸,82 sem,-1,-1,Responder
218,jvh13m,@christinehiidalgo,81 sem,-1,-1,1 Me gusta
219,tnymoen,@kristinmathisen ğŸ˜,81 sem,-1,-1,Responder
220,kaimanalii,This is us. ğŸ˜‚ @drewskee808,81 sem,-1,-1,1 Me gusta
221,zoe.yager,@tracy.yager,80 sem,-1,-1,1 Me gusta
222,tracy.yager,@zoe.yager TOTALLY! â¤ï¸,80 sem,221,0,Responder
223,valeriasancha,@martim.m em pasa aixo amb tu y e bmw tiooo jajajaj,89 sem,-1,-1,1 Me gusta
224,martim.m,@valeriasancha ğŸ˜‚ğŸ˜‚ğŸ˜‚,89 sem,223,0,1 Me gusta
225,taheri.hasan71,@mo.ali.tahery,89 sem,-1,-1,Responder
226,danoleye,Ahahah that queer screams trust fund baby in his gay salmon v,89 sem,-1,-1,5 Me gusta
227,juan_tep_58,@marielita_aam cuando sientes la velocidad en tu pancita jajaja,89 sem,-1,-1,Responder
228,marielita_aam,@juan_tep_58 ğŸ˜‚ğŸ˜‚ğŸ˜‚ğŸ˜‚ğŸ˜‚ğŸ˜‚ justo asÃ­ me reÃ­ y esa era mi cara ğŸ˜‚ğŸ˜‚ğŸ˜‚ğŸ˜‚ğŸ˜‚,89 sem,227,0,1 Me gusta
229,jhosted,ğŸ‘ŒğŸ½ğŸ‘ˆğŸ½ ğŸ”,88 sem,-1,-1,Responder
230,albertlee_,@funasaki.teron @cobilee25,88 sem,-1,-1,2 Me gusta
231,mechani.cal,@jessswan ğŸ˜‚,88 sem,-1,-1,1 Me gusta
232,ricardocross,@kristinev.gallegos ğŸ˜˜ğŸ˜˜ğŸ˜˜,88 sem,-1,-1,Responder
233,felipemorales90,@jamferco,87 sem,-1,-1,Responder
234,benjaminrl_,ğŸ‘ŒğŸ‘Œ,87 sem,-1,-1,Responder
235,tarims,@jamesshim87,87 sem,-1,-1,Responder
236,sabashojai111,@jwadope,85 sem,-1,-1,Responder
237,prattcyrus,Fake!!!,90 sem,-1,-1,Responder
238,gypsytnt,@joe.last.insta,90 sem,-1,-1,Responder
239,grigzyy,@courtneyy95,90 sem,-1,-1,1 Me gusta
240,spewnewt,@lindze.quillen,90 sem,-1,-1,Responder
241,shanonscully,@trentankruger when did you get a Tesla? Lol,90 sem,-1,-1,2 Me gusta
242,trentanofficial,@shanonscully haha dude that side profile is uncanny! Iâ€™ve always wondered what shorter hair would look like on me tho. I like it.,90 sem,241,0,Responder
243,atl.mumu,@sincerely.niaa,90 sem,-1,-1,1 Me gusta
244,general_parking_spot,U should get her in a Dodge demon,90 sem,-1,-1,6 Me gusta
245,stevehearst,@loreehearst â¤ï¸ğŸ‘,90 sem,-1,-1,Responder
246,bavinport,Gay af,90 sem,-1,-1,2 Me gusta
247,ottobismar1,"2029 : mom, why did people in 2019 often shocked by this normal acceleration?",90 sem,-1,-1,4 Me gusta
248,revcates,Nice @garrettleight Kinneys!,90 sem,-1,-1,Responder
249,tariqkhans,Posts like this just make Teslaâ€™s seem gay AF !,90 sem,-1,-1,2 Me gusta
250,_grferreira,"This car isn't scary!! Throw this women in a Lamborghini and ler her listen to the beautiful v12 singing or inside a Demon so she can hear the roar of a V8 mixed with the whine of a powerful supercharger and if you want to go crazier throw her inside a 1000hp supra and let her enjoy the ""sstustustutututu"".",90 sem,-1,-1,10 Me gusta
251,taylorjones7726,@cabo4real_97 Lamborghini is better than a Tesla,75 sem,250,0,1 Me gusta
252,taylorjones7726,@fearthespear__ so u are saying the Tesla is faster then a Lamborghini sure ğŸ¤¦ğŸ¼â€â™‚ï¸,75 sem,250,1,1 Me gusta
253,thatonesagittariusboi,@farizxify,90 sem,-1,-1,Responder
254,dreamtoys_g,ğŸ¥±,90 sem,-1,-1,Responder
255,_yo_pauly_,Sheâ€™s faking it...stay woke ğŸ˜³,90 sem,-1,-1,6 Me gusta
256,ras.berries_,@_yo_pauly_ bruh it literally feels like a roller coaster.. get yo bread up,90 sem,255,0,5 Me gusta
257,bigolbear,@_yo_pauly_ thought that expression looked familiar..almost caught sleepin..ğŸ˜,90 sem,255,1,1 Me gusta
258,art_yervin,Ğ¨ĞºÑƒÑ€Ğ° Ğ¿Ğ¾Ñ‚ĞµĞºĞ»Ğ°,90 sem,-1,-1,Responder
259,samueleestrada,@_gabriel_estrada,90 sem,-1,-1,1 Me gusta
260,juliangutierrez5,I'll buy one if it gets her ğŸ’¦ğŸ’¦,90 sem,-1,-1,7 Me gusta
261,eivindrs,@ingerbknudsen,90 sem,-1,-1,1 Me gusta
262,lysxvo,@lysxvo myself,90 sem,-1,-1,2 Me gusta
263,ashketchumponchu,???,90 sem,-1,-1,2 Me gusta
264,jakob.leander,Try it on a German highway,90 sem,-1,-1,5 Me gusta
265,jayboihd210.tv,Lol,90 sem,-1,-1,1 Me gusta
266,houlegraversen,@trine_oxholm,90 sem,-1,-1,1 Me gusta
267,lollidsm,@foldakr get ekki beÃ°iÃ° eftir aÃ° gera Ã¾etta alla daga ğŸ‘ğŸ¤ªâ¤ï¸,95 sem,-1,-1,2 Me gusta
268,sweetlou1320_,Lmfao I guess he never been under boost lol,95 sem,-1,-1,2 Me gusta
269,aleixabrado,@nataliacnbl teletransporte,95 sem,-1,-1,1 Me gusta
270,nataliacnbl,@aleixabrado siiiiiğŸ˜‚âœ¨,95 sem,269,0,2 Me gusta
271,terikcroiset,@maryannplouv nous tout a l'heure,93 sem,-1,-1,3 Me gusta
272,_lukecarney,CHECK OUT MY DM,93 sem,-1,-1,Responder
273,grant_branstetter,@hannah.wood,93 sem,-1,-1,2 Me gusta
274,teddy_but_better,@ned.hibberd @bellapug11,92 sem,-1,-1,2 Me gusta
275,ned.hibberd,@ted.ward12 yeah we all know that feeling! ğŸ¤ª,92 sem,274,0,1 Me gusta
276,kiekste,â¤ï¸,92 sem,-1,-1,1 Me gusta
277,mattyrdunc,@_jane_sim this will be fun,91 sem,-1,-1,Responder
278,beautythroughmyeyes,"@kingstage3 sorry, I love you ğŸ¤£ğŸ¤£ğŸ¤£",91 sem,-1,-1,1 Me gusta
279,chrishorton.90,@heathernash93,90 sem,-1,-1,1 Me gusta
280,heather_nash_93_,@chrishorton.90 this is us every day ğŸ˜‚ğŸ˜‚ğŸ˜‚,90 sem,279,0,Responder
281,speedbooost,Girl is nice. U keep the car ğŸ‘ğŸ‘,90 sem,-1,-1,Responder
282,jessica.rigoli,@rickrigoli ğŸ˜‚ğŸ˜‚,97 sem,-1,-1,Responder
283,cecilia.a.a.a,@osmaniacc jij bij mij ğŸ˜’,97 sem,-1,-1,1 Me gusta
284,mo.drips,I donâ€™t get this video ?,97 sem,-1,-1,2 Me gusta
285,ch_videography_llc,@mo.drips The acceleration of a Tesla?,96 sem,284,0,2 Me gusta
286,mrkennyv,@lotte.dz ... to be ğŸ™Œ,96 sem,-1,-1,Responder
287,mrkennyv,@lotte.dz weâ€™ll see ğŸ˜œ,96 sem,286,0,Responder
288,steezyysosa,@xojaayyy ğŸ˜‚â¤ï¸ğŸ¸,96 sem,-1,-1,Responder
289,hammock_havens,..Ohh man is this what @teslamotors has been working on with @lovensetoys .. i mean they both have HIUGE smiles and the women is in AW.. what more could you ask for,96 sem,-1,-1,Responder
290,_jennrose_,@graham_matthew_80 ğŸ˜‚,96 sem,-1,-1,Responder
291,jerzyrep646,All white interior? That must be a pain to clean,96 sem,-1,-1,Responder
292,ericoduke,@kelvgram @chua.wa @alexis_maliksi ğŸ˜œ,96 sem,-1,-1,1 Me gusta
293,northweek,Verificado,96 sem,-1,-1,1 Me gusta
294,chronormcgregor,I need a Tesla in my life ğŸ™ It's all I think about day and night lol I'm obsessed #oneday,96 sem,-1,-1,6 Me gusta
295,philipngass,@olivergass,95 sem,-1,-1,3 Me gusta
296,jazmyn_moore,@marquettemoore ğŸ˜‘,99 sem,-1,-1,Responder
297,zeek920,Tesla 2020 Roaster is finna be a blast,99 sem,-1,-1,Responder
298,hpresley,Still waiting for ludicrous mode @jspresley,99 sem,-1,-1,2 Me gusta
299,gabe.canicosa,@kaecurameng,98 sem,-1,-1,1 Me gusta
300,kaecurameng,@gabe.canicosa ğŸ™„ğŸ™„ğŸ™„,98 sem,299,0,Responder
301,nanulovesu,@8lijah_rahal @jazzy_oama_flower,98 sem,-1,-1,Responder
302,waygoer,ğŸ¤˜ğŸ§šâ€â™‚ï¸ğŸ¤˜,98 sem,-1,-1,Responder
303,realestate_ric_,@rosaelena07 @ximenoboa your kids! Lol,98 sem,-1,-1,1 Me gusta
304,ximenoboa,@realestate_ric_ ğŸ¤£ğŸ¤£ğŸ¤£,98 sem,303,0,Responder
305,rosaelena07,@realestate_ric_ ğŸ˜‚ğŸ˜‚ğŸ˜‚ğŸ˜‚,97 sem,303,1,Responder
306,dkouroupis99,@franniee.b,98 sem,-1,-1,1 Me gusta
307,allenjsz,@jhanda2480,98 sem,-1,-1,Responder
308,n_tiwarii,@anikashetty_ pt 2,98 sem,-1,-1,Responder
309,kisuniastarshop,We can still have a future,97 sem,-1,-1,2 Me gusta
310,xjanxa,@freerkschuett,97 sem,-1,-1,Responder
311,e_k_workout_n_eats,Sorry no engine revs=boring car,100 sem,-1,-1,Responder
312,morganbhardley,@mimitinthisb â¤ï¸,100 sem,-1,-1,1 Me gusta
313,memesonmimi,@morganhardley MY FAVORITE THING,100 sem,312,0,1 Me gusta
314,art.mehdi_sh,ğŸ‘,100 sem,-1,-1,Responder
315,brian_shim,@kellyjenine except I push your forehead back first ğŸ˜‚,100 sem,-1,-1,Responder
316,cptn_rex,Is this video taken with the internal cameras?,100 sem,-1,-1,1 Me gusta
317,hamelikianoosh,@teslamotors â¤â¤â¤â¤,100 sem,-1,-1,Responder
318,adamantium_steele,@iwokeuplikethisyup Type â€œRâ€ ğŸ¤£,100 sem,-1,-1,Responder
319,deanlalap,Hi @helen_wadurmelon,99 sem,-1,-1,Responder
320,helen_wadurmelon,@deanlalap ğŸ’©ğŸ’©ğŸ’©ğŸ’©ğŸ’©,99 sem,319,0,Responder
321,nathandamsteeg,@rsn.leon Giel misschien ğŸ¤£ğŸ¤£,99 sem,-1,-1,Responder
322,b1ack.angel,@smonfscher @DerLiebePorschefahrerDerMichZumRennenAuffordernWollteğŸ¤”ğŸ”ğŸ˜‚ğŸ™ŒğŸ»,99 sem,-1,-1,Responder
323,soza.pidgeon,"When guys go from doing this in Lamborghinis and GTRs to Teslas, that's when you know you've made it",99 sem,-1,-1,Responder
324,teslavseverything,That torque ğŸ”¥,101 sem,-1,-1,Responder
325,46_motors,ğŸ‘ğŸ‘,101 sem,-1,-1,Responder
326,46_motors,ğŸ‘ğŸ‘,101 sem,-1,-1,Responder
327,mohammadali_mollaei,"Hello My name is Mohammad from Iran My age is 19 years I have a few ideas about cars And I have inventions in the field of cars I have invented a device that can help keep the cabin temperature at the right temperature after the car is turned off to prevent the car's leather from disappearing, and I have several other ideas that I would be happy to work with",101 sem,-1,-1,1 Me gusta
328,malinaka6,Do U have Thai musics?ğŸ˜…ğŸ˜,101 sem,-1,-1,Responder
329,tabikha,@whitbh,101 sem,-1,-1,Responder
330,jorgenwaa,@tonjevendela,101 sem,-1,-1,Responder
331,tonjevendela,@jorgenwaa ğŸ˜‚ğŸ˜‚,101 sem,330,0,Responder
332,r8bina,@paula.g25 @_alise23_ jaasametaas un jaanopeerk visaam kopaağŸ˜­ğŸ˜ğŸ˜‚ğŸ˜‚,101 sem,-1,-1,1 Me gusta
333,michael.conley.3538,@toeheadbaby,101 sem,-1,-1,1 Me gusta
334,ealopez16,@marqu33n,100 sem,-1,-1,Responder
335,bo_aylor,@hannahcurtyy,100 sem,-1,-1,1 Me gusta
336,konz_b,@alibutskiy,100 sem,-1,-1,1 Me gusta
337,m.ttg,@dr.kaylamarie,100 sem,-1,-1,Responder
338,dr.kaylamarie,@m.ttg yep this was me,100 sem,337,0,Responder
339,schkarpa,@ntinab95,101 sem,-1,-1,Responder
340,frankcanchola_1,@dahomi3.l0aky ur dads car lmao,101 sem,-1,-1,1 Me gusta
341,l0aky,@canchola_frank1 ğŸ¤£,101 sem,340,0,Responder
342,dannypolj,@lsabs7 @jsteti,101 sem,-1,-1,Responder
343,121mostafa.kh,Tesla â™¡â™¥â™¡â™¥â™¡â™¥â™¡,101 sem,-1,-1,Responder
344,coldlove_,@that_hair lmao your neck,101 sem,-1,-1,1 Me gusta
345,that_hair,@coldlove_ ğŸ˜‚,101 sem,344,0,Responder
346,shawnphipps,@atencio_nicole,101 sem,-1,-1,Responder
347,megxhilll,My remission gift ğŸ ğŸ’•ğŸ’ğŸ¼â€â™€ï¸ğŸŒˆâœ¨ 4 years.. ğŸš— â¤ï¸âœ¨,101 sem,-1,-1,Responder
348,dj_eddie_z,We should collab on a Kings DJ Tesla Model X ğŸ˜ğŸ’œğŸ¶ğŸš˜ğŸ‘ŒğŸ½ğŸ€,101 sem,-1,-1,Responder
349,analogsystems,Love the launch ğŸš€,101 sem,-1,-1,Responder
350,yesmrking,@dr_adams,101 sem,-1,-1,Responder
351,emanuelzichtl,:D,101 sem,-1,-1,Responder
352,mosmrkissoon,@alexandra_renuka,101 sem,-1,-1,Responder
353,hunter_hartman,@farrahmuwalla,102 sem,-1,-1,Responder
354,farrahmuwalla,@hunter_hartman i love you,102 sem,353,0,1 Me gusta
355,farrahmuwalla,@hunter_hartman i love you,102 sem,353,1,Responder
356,harry_tw03,Or you could just buy a supra,102 sem,-1,-1,Responder
357,is_that_a_supra2k19,Follow me if you like cars,102 sem,-1,-1,Responder
358,threehorizonsorg,Happy international day of Charity! â¤ï¸,102 sem,-1,-1,Responder
359,jorenverkade,@celineverkade,102 sem,-1,-1,Responder
360,tohidhsn,ğŸ˜,102 sem,-1,-1,Responder
361,usmarttech,"This is awesome, @mikepfau! â€œI cannot not reactâ€ sounds about right when weâ€™re talking about @teslamotors. ğŸ™Œ",102 sem,-1,-1,Responder
362,888makai,â¤ï¸â¤ï¸â¤ï¸,101 sem,-1,-1,Responder
363,dailyhabitsofamouspeople,ğŸ’¯,101 sem,-1,-1,1 Me gusta
364,adria_trade,hope one day ill be able to have one!,101 sem,-1,-1,Responder
365,stephaniebenzcsq,I would follow this page but her face annoys me,101 sem,-1,-1,2 Me gusta
366,theresiahallmark,My 2-year-old loves when I do this. It feels even more intense to her since she is in the back seat.,102 sem,-1,-1,Responder
367,coach_brettb,Verificado,102 sem,-1,-1,Responder
368,simplefitechnology,Yaaaaaaaas ğŸ”¥â¤ï¸ğŸ”¥,102 sem,-1,-1,Responder
369,christylynnr18,Uh huh,102 sem,-1,-1,Responder
370,magicmillard,This would definitely be the weirdest car commercial ever,102 sem,-1,-1,Responder
371,wave_of_potential,ğŸš€ğŸš€ğŸš€,102 sem,-1,-1,Responder
372,suzyshinn,Verificado,102 sem,-1,-1,Responder
373,mohdysf2,As Tesla user we need the Wifi working as cellular network .. specially when there is no coverage area .. now we have mobile internet and wifi working fine .. what if you out of the state .. to keep car always connected .. the wifi is the solution .. remove the Barriers and let your customers enjoy their Tesla by the way they like,102 sem,-1,-1,Responder
374,ridetechnews,Verificado,102 sem,-1,-1,Responder
375,autoservice_agreiter,"IÂ´m waiting since over 2 months for my front and rear window of my Model 3 here in Europe!!! Give a boost to the logistic, its a shame that I m left without my car for all this time! Agreiter Philipp, Italy",102 sem,-1,-1,Responder
376,claudiodallalibera,@trickred mi sta salendo,102 sem,-1,-1,1 Me gusta
377,trickred,@claudiodallalibera anche a me ğŸ’ª,102 sem,376,0,Responder
378,jon_jft,Nice hairline,102 sem,-1,-1,Responder
379,alextonthat,@lauriane1211 je ne suis pas le seul xD,102 sem,-1,-1,Responder
380,laurianenavarri,@alextonthat lol tres drÃ´le -.-,102 sem,379,0,Responder
381,jegberink,@lausvv als de m3p binnenkomt ğŸ˜,102 sem,-1,-1,2 Me gusta
382,yupp_its_eric,@ no one because I donâ€™t have a Tesla YET I want one sooooo bad ğŸ˜­,102 sem,-1,-1,1 Me gusta
383,kyle7777,@christylynnr18,102 sem,-1,-1,Responder
384,brandondarnes,@chloe_payne22,102 sem,-1,-1,Responder
385,marcohshit,More fun in a gasoline powered car though,102 sem,-1,-1,Responder
386,jj_hixks,"After a while, you will get used to acceleration so it does get old",102 sem,-1,-1,Responder
387,guntherwiehl,Indeed every morning during my trip to work the same fun,102 sem,-1,-1,Responder
388,dpardo_19,@colleennicki_ ğŸ¤˜ğŸ¼,102 sem,-1,-1,Responder
389,thekingslayer419,Hit em with the zoom zoom!,102 sem,-1,-1,Responder
390,tyberol,"Hey, can I please have a model 3, white exterior, with autonomous mode, thatâ€™s all I want in life, thanks have a good day.",102 sem,-1,-1,2 Me gusta
391,mems4koolkiddos,Like if the Porsche Taycan Turbo S is better,102 sem,-1,-1,Responder
392,andreajoseasa,"Grande @teslamotors , davvero un bel fungo!",102 sem,-1,-1,1 Me gusta
393,mikadmon,25.09 Modell 3 Performance !! Yeha! ğŸ˜Wait wait wait,102 sem,-1,-1,Responder
394,1tomstone,Did this to @welshabbie ğŸ˜‚,102 sem,-1,-1,1 Me gusta
395,ava_g_ciri,I guess the guy isnâ€™t flooring it through a hairpin turn,102 sem,-1,-1,Responder
396,dihnatowycz,@peanutbutterandjyll,102 sem,-1,-1,Responder
397,denniswebdev,That is so ludicrous,102 sem,-1,-1,Responder
398,phys.zeke,@joshs60r â™¥ï¸ğŸ˜‚,102 sem,-1,-1,Responder
399,toplivo_ua777,I will sell a discount for tesla car. Write in dm,102 sem,-1,-1,Responder
400,lukemoore_14,@jaronblue99,102 sem,-1,-1,Responder
401,theshiftheads,@powellsandlackofpatience lmao ğŸ˜‚,102 sem,-1,-1,Responder
402,powellslearningpatience,@chriscarsandmore every.time ğŸ˜‚,102 sem,401,0,Responder
403,cardenb,@s.glover50 @chrislo898,102 sem,-1,-1,Responder
404,m.rogers4,@jai.rom,102 sem,-1,-1,1 Me gusta
405,jai.rom,@m.rogers4 the best feeling:),102 sem,404,0,Responder
406,willybearito,Giggle machine,102 sem,-1,-1,Responder
407,alexfurmansky,@klm_iii you *know* what this reminds me of...,102 sem,-1,-1,Responder
408,rumdog180,@riaandlu @clint_2jz,102 sem,-1,-1,1 Me gusta
409,clint_2jz,@rumdog180 you want a tesla don't you,102 sem,408,0,Responder
410,riaandlu,@rumdog180 hahahahha,102 sem,408,1,Responder
411,lexiefar,Haha @nathanselbach even optrekken en... whow ğŸ¤£ Zo ziet wit leer eruit haha ben benieuwd ğŸ™ˆ,102 sem,-1,-1,1 Me gusta
412,coalio,"I guess theyâ€˜re not on a racing circuit, so... isnâ€™t it dangerous?",102 sem,-1,-1,Responder
413,timo.eugster,â¤ï¸,102 sem,-1,-1,Responder
414,luca_wolf01,How @teslamotors will fight against such a perfect italian car like @automobilipininfarinaofficial Battista model ?! This new model looks impossible to reach..,102 sem,-1,-1,Responder
415,raphilan,Cardi B's Money auch nichtğŸ˜­ğŸ˜‚,102 sem,-1,-1,Responder
416,chinese_buffet_,I was expecting a @pornhub intro,102 sem,-1,-1,Responder
417,thevwguy,@sumyrtle,102 sem,-1,-1,Responder
418,valerii_zhydetskyi,ğŸ‘ğŸ‡ºğŸ‡¦ğŸ”¥,102 sem,-1,-1,Responder
419,simondyson,@lcdyson32 this is you and the girls if @arsenalrob81 ever gets a @teslamotors ğŸ˜‚,102 sem,-1,-1,1 Me gusta
420,j.burns78,@_justinhough when one of us get a Tesla we'll defs do this ğŸ˜‚,102 sem,-1,-1,1 Me gusta
421,long_n,@aaronyoungman,102 sem,-1,-1,1 Me gusta
422,tvler.cannon,Myself,102 sem,-1,-1,Responder
423,romanbutym,"Ğ ÑƒĞ±Ğ°ÑˆĞºĞ° Ğ²ÑĞµ ÑĞ¸Ğ»ÑŒĞ½ĞµĞµ Ğ¸ ÑĞ¸Ğ»ÑŒĞ½ĞµĞµ Ñ€Ğ°ÑĞºÑ€Ñ‹Ğ²Ğ°ĞµÑ‚ÑÑ, Ğ½Ğ°Ğ¼ Ğ½Ğ°Ğ²ĞµÑ€Ğ½Ğ¾Ğµ Ğ´Ğ¾ ĞºĞ¾Ğ½Ñ†Ğ° Ğ½Ğµ Ğ¿Ğ¾ĞºĞ°Ğ·Ğ°Ğ»Ğ¸ Ğ²Ğ¸Ğ´ĞµĞ¾...)",102 sem,-1,-1,Responder
424,bonnietrow,@sincerly.serah,102 sem,-1,-1,Responder
425,raquelcjoyner,@pauljoynerphoto all the time,102 sem,-1,-1,1 Me gusta
426,kelvset,did u sure present tesla to lukashenko?,102 sem,-1,-1,Responder
427,fredrikandres1,@einara90,102 sem,-1,-1,1 Me gusta
428,leejamestsui,literally do this to my girlfriend at least 5 times per destination lol,102 sem,-1,-1,Responder
429,teslaambassadors,ğŸ˜ğŸ˜ğŸ˜ğŸ˜,102 sem,-1,-1,Responder
430,paulmotorca,Excellent ğŸ‘,102 sem,-1,-1,Responder
431,drlakersgirl,@lizhatcher145 I know you love dat feeling Hahahahah ğŸ˜ğŸ˜ğŸ˜,102 sem,-1,-1,Responder
432,lesizmorre,Ight ima head out ğŸ†ğŸ¤¸ğŸ½â€â™‚ï¸,102 sem,-1,-1,Responder
433,thelittleblogofvegan,It makes your heart jump! Such a fun feeling!!!,102 sem,-1,-1,2 Me gusta
434,_colleenevans_,@ryevsf,102 sem,-1,-1,Responder
435,dgdanaher,@frewderris,102 sem,-1,-1,1 Me gusta
436,d.a.e.smith,@r_summer,102 sem,-1,-1,Responder
437,geoffhardin,@amywats0124,102 sem,-1,-1,2 Me gusta
438,shutupshaye,@__zac__blain__,102 sem,-1,-1,Responder
439,phaseal3469,Just watched the super video again and the girls seatbelt was undone while the driver is buckled up nicely.,102 sem,-1,-1,Responder
440,cosmicwarrioralex,@phenomenina00 â¤ï¸,102 sem,-1,-1,Responder
441,phenomenina00,@cosmicwarrioralex ha hahahahahah!!! Ur not the only one!,100 sem,440,0,1 Me gusta
442,jlask,@melaskoart lol,102 sem,-1,-1,1 Me gusta
443,melaskoarts,@jlask dingus,102 sem,442,0,Responder
444,sidkid560,@drea2_86 itâ€™s what I do to you too lol,102 sem,-1,-1,Responder
445,chillmemecat,ğŸ˜‚When I was in a Tesla thatâ€™s what happened ğŸ˜‚,102 sem,-1,-1,Responder
446,jael.v,@typicray lol,102 sem,-1,-1,Responder
447,typicray,@jael.v why you do this to me? ğŸ˜­,102 sem,446,0,Responder
448,promoeddie,Those are the reactions I want to see with the girl I want to be with EVERY DAY ğŸ˜,102 sem,-1,-1,1 Me gusta
449,carswithoutgas,@promoeddie Facts ğŸ˜‚ğŸ¤ŸğŸ¼,102 sem,448,0,1 Me gusta
450,njdubbin,@twaffs Iâ€™m s-or-y,102 sem,-1,-1,1 Me gusta
451,fnealnwc,Move,102 sem,-1,-1,1 Me gusta
452,dr.toothman,@flossylady Sounds familiar?,102 sem,-1,-1,1 Me gusta
453,astrothad,"When we first got our 3, @juliafarrisfranklin and I did this to each other all the time. Still necessary every so often ğŸ˜",102 sem,-1,-1,1 Me gusta
454,socaltintshop.chino,My wife ğŸ˜‚ @marcyvegn_animalovr,102 sem,-1,-1,1 Me gusta
455,dylan_helewn,ğŸ‘,102 sem,-1,-1,Responder
456,dylan_helewn,ğŸ”¥ğŸ”¥ğŸ”¥ğŸ”¥,102 sem,-1,-1,1 Me gusta
457,therealnicklarson,@wtfitsvee @smallwill_lifting @unicorn_nebula_ ğŸ˜‚,102 sem,-1,-1,2 Me gusta
458,lewitje,"@ivovanhal I always do this to you in my Tesla, whoosh!",102 sem,-1,-1,1 Me gusta
459,ivovanhal,@lewitje yeah yeah the one who canâ€™t beat a C1 yeah yeah model 3 psshh,102 sem,458,0,Responder
460,lewitje,"@ivovanhal yeah right @teslamotors could you make a car faster than the Lemon C1? I mean, we have to hit the air conditioning button to make it go faster, but we could pass any Tesla Iâ€™m pretty sure yeah yeah",102 sem,458,1,Responder
461,sayuri.estheim,@_alexandr.jm_ Î¸Î± Î³ÎµÎ»Î¬ÏƒÎ¿Ï…Î¼Îµ Ï€Î¿Î»Ï ÏŒÏ„Î±Î½ Î±Ï€Î¿ÎºÏ„Î®ÏƒÎ¿Ï…Î¼Îµ Î­Î½Î± ğŸ˜‚,102 sem,-1,-1,2 Me gusta
462,_alexandr.jm_,@sayuri.estheim ÎµÏƒÏ… Î¸Î± Ï„ÏƒÎ¹ÏÎ¹Î¶ÎµÎ¹Ï‚,102 sem,461,0,1 Me gusta
463,sayuri.estheim,@_alexandr.jm_ you will constantly tease me,102 sem,461,1,1 Me gusta
464,kj_kensho_flow,Listening to Cardi B ğŸ˜‚,102 sem,-1,-1,1 Me gusta
465,curtispierson,Her reactions are pure joy!,102 sem,-1,-1,1 Me gusta
466,ktotten6,@divatotten,102 sem,-1,-1,Responder
467,den_wolfr,@ruttschi,102 sem,-1,-1,2 Me gusta
468,maga_rut,@denwolf her reaction was smother then mine though ğŸ˜‚ğŸ˜‚,102 sem,467,0,Responder
469,mattdarcygjj,@stephaniefrancis,102 sem,-1,-1,Responder
470,coolandcollected__,ğŸ˜,102 sem,-1,-1,1 Me gusta
471,audreywss,Tickles the tummy â˜ºï¸,102 sem,-1,-1,1 Me gusta
472,cigdem_talgar,@cris.yordan,102 sem,-1,-1,Responder
473,christian_jespersen,@benjaminhaarbo,102 sem,-1,-1,1 Me gusta
474,tango.oscar.delta.delta,ğŸ¤” Not sure whatâ€™s happening except for her shirt slowly coming off.,102 sem,-1,-1,1 Me gusta
475,carswithoutgas,@tango.oscar.delta.delta ğŸ˜‚ğŸ¤ŸğŸ¼,102 sem,474,0,Responder
476,thbben,@mcdjo400 Â« tag your tesla bae Â»,102 sem,-1,-1,1 Me gusta
477,c.sheilah,Hi- I am reaching out because my father in law dream would be to test drive and own the tesla truck - he has cancer and we are bot sure how much time he has left- I do understand the concept hasnt been released yet - but any help getting him to even see the concept would make this worthwhile- I did write a letter and sent to Mr Elon Musk Secretary at Corporate headquarters- please please please help me fulfill his wish Please reach out,102 sem,-1,-1,3 Me gusta
478,carswithoutgas,@c.sheilah â¤ï¸,102 sem,477,0,Responder
479,gnarlyninjanate,@austingray.ninja ZOOM âš¡ï¸,102 sem,-1,-1,Responder
480,thomajay,@hannanatored,102 sem,-1,-1,Responder
481,sardor_davletyarov,@gopro ğŸ˜‚ğŸ‘ğŸ»,102 sem,-1,-1,Responder
482,kevinzamani,"Taycan ğŸ’ªğŸ½ğŸ’ªğŸ½ğŸ’ªğŸ½ğŸ‡©ğŸ‡ª #TeslaKiller
Better go trade in your $100k Teslas for $40k and get a real car. ğŸ¤£ğŸ¤£ğŸ¤£",102 sem,-1,-1,2 Me gusta
483,johanhampis,@helenahampis ğŸ˜‚ğŸ˜˜,102 sem,-1,-1,2 Me gusta
484,helenahampis,@johanhampis Roligt sa Bull!ğŸ‘ğŸ»ğŸ‘ğŸ»ğŸ˜ğŸ˜ğŸ,102 sem,483,0,1 Me gusta
485,tatigely,Jajaja what a lovely surpriseğŸ’™@mikepfau @andreea_emilia,102 sem,-1,-1,2 Me gusta
486,andreea_emilia,@tatigely â¤â¤â¤â¤â¤,102 sem,485,0,Responder
487,akohagshnas,ğŸ‘ŒğŸ‘ŒğŸ‘ŒğŸ‘Œ,102 sem,-1,-1,1 Me gusta
488,parkemelson,Wanna send me a car?,102 sem,-1,-1,1 Me gusta
489,lindalovesanimals,You canâ€™t help but laugh during take off! #Zoom,102 sem,-1,-1,1 Me gusta
490,joeyfreshwata,@_amandapeck you! Lolz,102 sem,-1,-1,2 Me gusta
491,_amandapeck,@jpgt4ut itâ€™s like a roller coaster! stahhhppp ğŸ˜©,102 sem,490,0,1 Me gusta
492,willie.coleman,@nishinotv,102 sem,-1,-1,1 Me gusta
493,dbaracchini,@jess_roth,102 sem,-1,-1,1 Me gusta
494,elanatias,Verificado,102 sem,-1,-1,Responder
495,ayelakh,NEVER gets oldâ¤ï¸,102 sem,-1,-1,1 Me gusta
496,yasithx,ğŸ”¥ğŸ”¥ğŸ”¥ğŸ”¥ğŸ˜ğŸ˜ğŸ˜ğŸ˜,102 sem,-1,-1,1 Me gusta
497,liveandletdrive,This is why we need a Tesla @chlo.eeezy,102 sem,-1,-1,Responder
498,thechrisbjork,@dianacondruz,102 sem,-1,-1,Responder
499,dianacondruz,@thechrisbjork ğŸ˜,102 sem,498,0,Responder
500,thechrisbjork,@dianacondruz men du ser ut sÃ¥hÃ¤r istÃ¤llet ğŸ˜±ğŸ˜«ğŸ¥ºğŸ˜­ğŸ˜¤ğŸ¤¬ğŸ˜¡,102 sem,498,1,Responder
501,smithwimberley,@swimberley22,102 sem,-1,-1,Responder
502,panamasupercars,DeberÃ­as hacer un reaction video con varias personas ğŸ˜‚ @mayermm,102 sem,-1,-1,1 Me gusta
503,carswithoutgas,@panamasupercars ğŸ˜‚,102 sem,502,0,Responder
504,mahdiiii_safarzadeh,ÙˆÙ„ÛŒ ÙÚ©Ø± Ù†Ú©Ù… Ø¨Ù‡ Ù¾Ø§ÛŒ Ù¾Ø±Ø§ÛŒØ¯ Ø§ÛŒØ±Ø§Ù† Ø¨Ø±Ø³Ù‡ ğŸ˜¢ğŸ˜¢ğŸ˜¢ğŸ˜¢ğŸ˜¢ğŸ˜¢ğŸ˜¢ğŸ˜­ğŸ˜­ğŸ˜­ğŸ˜­ğŸ˜­ğŸ˜­ğŸ˜­ğŸ˜­,102 sem,-1,-1,Responder
505,borazy,@xindee_tu_lee ğŸ˜‚,102 sem,-1,-1,Responder
506,xindee_tu_lee,@borazy ğŸ˜…,102 sem,505,0,Responder
507,hugolabrecque98,@raphostojic,102 sem,-1,-1,1 Me gusta
508,tomcuff25,@dannewins,102 sem,-1,-1,3 Me gusta
509,dannewins,@coach.cuff Iâ€™m the screaming girl,102 sem,508,0,Responder
510,gopro,Verificado,102 sem,-1,-1,156 Me gusta
511,nateleenc,@gopro @mikepfau was an OG employee! Miss the good ok days #goproclassof2016,35 sem,510,0,1 Me gusta
512,mikepfau,"@nateleenc you know it the good old days were the best. Great to see you last week, sorry I was running around, Iâ€™ll have more time down there coming up, let catch some winter swells ;)",35 sem,510,1,1 Me gusta
513,nateleenc,@mikepfau canâ€™t wait my dude!,35 sem,510,2,Responder
514,rickydepass,@graciegilkeyy âœŒğŸ¼,102 sem,-1,-1,Responder
515,delije.arcz,ğŸ‡·ğŸ‡¸ğŸ‡·ğŸ‡¸ğŸ‡·ğŸ‡¸,102 sem,-1,-1,1 Me gusta
516,vgranberry,@nathaliegiragossian,102 sem,-1,-1,1 Me gusta
517,nathaliegiragossian,@vgranberry meeee ğŸ˜‚,102 sem,516,0,1 Me gusta
518,sunshak,@dianaagco,102 sem,-1,-1,Responder
519,dianaagco,@sunshak hey!!!!,102 sem,518,0,Responder
520,huzi____,@fortitudo113,102 sem,-1,-1,Responder
521,dima87xy,"Boobs like a plank, change the girl, do the vid again. TyğŸ”¥ğŸ“",102 sem,-1,-1,Responder
522,timsaywat,@graceiee,102 sem,-1,-1,Responder
523,3.slow_fuzion,@_.brauch._,102 sem,-1,-1,Responder
524,edufreit4s,ğŸ˜,102 sem,-1,-1,1 Me gusta
525,joaovazquez,@ferousset,102 sem,-1,-1,Responder
526,motorframe,Follow my page to take some news about the worlds cars !,102 sem,-1,-1,Responder
527,asmartgal,So confused with this,102 sem,-1,-1,Responder
528,ale_x_456,@ankiliq,102 sem,-1,-1,Responder
529,jingle_94_,@chloekisela,102 sem,-1,-1,1 Me gusta
530,gregoryborst,@christine_e_bee,102 sem,-1,-1,Responder
531,christineborstcreativestudio,@gregoryborst omg every time ğŸ˜­ Also probably the reason why the girls want me to get a Tesla too ğŸ˜‚,102 sem,530,0,1 Me gusta
532,seerude,All.the.time!,102 sem,-1,-1,1 Me gusta
533,guillrobb,ğŸ˜‚,102 sem,-1,-1,1 Me gusta
534,oliviermorelle,It is good to be rich!,102 sem,-1,-1,1 Me gusta
535,cbowmanone,@jason_boatright ğŸ˜‚ğŸ˜‚ğŸ˜‚,102 sem,-1,-1,1 Me gusta
536,billylea,@kristinsutah,102 sem,-1,-1,1 Me gusta
537,iamkristinschaefer,@billylea amazing,102 sem,536,0,Responder
538,alcindarella,@_lucidmelody,102 sem,-1,-1,Responder
539,esmeenijssenn,@ninosmout dit doe jij altijdğŸ˜‚,102 sem,-1,-1,Responder
540,insta_j.j,@makinpowell ğŸ˜,102 sem,-1,-1,Responder
541,abiiihilton,@jeep @teslamotors yâ€™all should make a car together,102 sem,-1,-1,Responder
542,stellahmzi,@dadjar looking forward ğŸ˜Š,102 sem,-1,-1,1 Me gusta
543,dabidoze,Explicit sensations ğŸ˜,102 sem,-1,-1,1 Me gusta
544,geo.demeyer,@clemencelouz,102 sem,-1,-1,1 Me gusta
545,geo.demeyer,@clemencelouz,102 sem,-1,-1,Responder
546,maj1c,"Keep on doing that, youâ€™d better check how much a replacement battery pack will cost...",102 sem,-1,-1,1 Me gusta
547,olivercampoy,@dirisi que se te va el cerebro para atrÃ¡s!!!! Jajajajaajajajaja,102 sem,-1,-1,1 Me gusta
548,dirisi,@olivercampoy jajajaj somos tu y yo versiÃ³n guiri !!! ğŸ¤£ğŸ¤£,102 sem,547,0,1 Me gusta
549,mon__9,Why canâ€™t your reactions be like this? ğŸ˜•ğŸ˜‚ @cinndyvalencia,102 sem,-1,-1,Responder
550,elektricars.llc,Awesome ğŸ’ªğŸ½,102 sem,-1,-1,1 Me gusta
551,briantreks,@fonsecaeder,102 sem,-1,-1,1 Me gusta
552,fonsecaeder,@briantreks ğŸ˜€,102 sem,551,0,1 Me gusta
553,aaronkapustinsky,The battery died immediately after this,102 sem,-1,-1,1 Me gusta
554,dov_alore,Whatâ€™s happening?),102 sem,-1,-1,1 Me gusta
555,simon_brrtsch,This soundsğŸ¤¤ğŸ¤¤ğŸ¤¤,102 sem,-1,-1,1 Me gusta
556,simon_brrtsch,Love the engine sound and litres per mile of this car,102 sem,-1,-1,1 Me gusta
557,carswithoutgas,@simon_brrtsch ğŸ˜‚âœŒğŸ¼,102 sem,556,0,Responder
558,renodahonda,â¤ï¸â¤ï¸â¤ï¸â¤ï¸â¤ï¸,102 sem,-1,-1,1 Me gusta
559,peteris441,ğŸ‘ğŸ‘ğŸ‘ğŸ‘ğŸ‘ğŸ˜‚,102 sem,-1,-1,1 Me gusta
560,gcochran223,@jwjdubb,102 sem,-1,-1,1 Me gusta
561,jwjdubb,@gcochran223 ğŸ™ŒğŸ”¥ğŸ”¥,102 sem,560,0,Responder
562,onobit_earth,ğŸ˜,102 sem,-1,-1,1 Me gusta
563,archnightt,That guy looks like Mandarin from Iron man 3,102 sem,-1,-1,1 Me gusta
564,rahuligan34,@rtyagi123 don't throw up next time ...+ @neheezy13,102 sem,-1,-1,1 Me gusta
565,andreiypronin,ğŸ˜ğŸ‘Œ,102 sem,-1,-1,1 Me gusta
566,joeripeet,@juli.steph ğŸ˜‚,102 sem,-1,-1,1 Me gusta
567,lucasrymer,She just gets more and more undressed ğŸ˜‚,102 sem,-1,-1,1 Me gusta
568,carswithoutgas,@lucasrymer ğŸ˜‚,102 sem,567,0,Responder
569,ben_t_jessen,@selinamalu,102 sem,-1,-1,Responder
570,undivided1978,@baxcifjo,102 sem,-1,-1,Responder
571,dr.rafaelguilhen,"Women don't like money. They like love and passion, and flowers.",102 sem,-1,-1,1 Me gusta
572,carswithoutgas,@dr.rafaelguilhen Amen!,102 sem,571,0,Responder
573,dr.rafaelguilhen,"@carswithoutgas i was ironic, of course ğŸ˜ƒ",102 sem,571,1,1 Me gusta
574,tricksandbeats,â¤ï¸ğŸ¤£ğŸ¤ªğŸ‘ŒğŸ¼ Tesla is the best!,102 sem,-1,-1,1 Me gusta
575,carswithoutgas,@tricksandbeats Facts! âš¡ï¸,102 sem,574,0,Responder
576,baptistegrcn,@pommeverte30_ ğŸ˜…,102 sem,-1,-1,Responder
577,markvs_g,@alex_meliss und mit umgebundenen fpv goggles erst recht ğŸ”,102 sem,-1,-1,Responder
578,collinthewhite,i make those,102 sem,-1,-1,1 Me gusta
579,kimdehondt,@staesdave ğŸ˜‚ğŸ˜‚ğŸ˜‚,102 sem,-1,-1,Responder
580,brian.on.tour,@florischerer Du willst ja nicht,102 sem,-1,-1,1 Me gusta
581,a.mia,ğŸ”¥ğŸ”¥ğŸ”¥,102 sem,-1,-1,Responder
582,sagar_01.01,@royalnavghan,102 sem,-1,-1,Responder
583,lifebymary_,Hahahha @leoniestegink ğŸğŸ’¨,102 sem,-1,-1,Responder
584,afcaian,@josetje1990,102 sem,-1,-1,Responder
585,josetje1990,@afcaian owow! Dat gaat mijn maag niet leuk vinden ğŸ˜‚ğŸ˜‚,102 sem,584,0,Responder
586,cornisc,@neilferrier320 ğŸ‘ğŸ¼ğŸ‘ŒğŸ¼,102 sem,-1,-1,Responder
587,fabian_egl,@hagemannlukas @julian_herz98 ğŸ˜‚,102 sem,-1,-1,1 Me gusta
588,fade3ct,@barszczakkk,102 sem,-1,-1,1 Me gusta
589,jonreistad,@theresedyvesether deg mot meg,102 sem,-1,-1,1 Me gusta
590,theresedyvesether,@jonreistad ğŸ˜‚ğŸ˜‚,102 sem,589,0,Responder
591,jrierab,Wtf @mikepfau @andreea_emilia love it ğŸ˜‚,102 sem,-1,-1,2 Me gusta
592,andreea_emilia,"@jrierab I know, right? One day you wake up and we are on Teslaâ€™s IG.ğŸ˜‚â¤",102 sem,591,0,1 Me gusta
593,benjamintombre,@desireetombre,102 sem,-1,-1,1 Me gusta
594,russelgodinho,@radhika.godinho ğŸ˜‚ğŸ˜‚ğŸ˜‚,102 sem,-1,-1,Responder
595,itzskovzki,@africaslizzy ğŸ˜‹ğŸ˜‹,102 sem,-1,-1,Responder
596,jakezerebny,@hannahquaymarkovich ğŸ˜˜,102 sem,-1,-1,1 Me gusta
597,sherif_zahran_,@la_seule_narnar,102 sem,-1,-1,Responder
598,joe_gasser,@bernadette.berger ğŸ’•,102 sem,-1,-1,1 Me gusta
599,bernadette.berger,@joe_gasser und IMMER fliag mei sonnenbrille owa ğŸ™„ğŸ™„ğŸ™„,102 sem,598,0,Responder
600,isabellborge,I love doing that to my passengers!! ğŸ˜‰ğŸ˜‚ğŸ™ŒğŸ¼,102 sem,-1,-1,2 Me gusta
601,carswithoutgas,@isabellborge ğŸ˜‚ Never gets old,102 sem,600,0,Responder
602,mohamed_serageldien,ğŸ‘ğŸ½,102 sem,-1,-1,1 Me gusta
603,bakhmarov,"Ğ’Ğ¾Ñ‚ Ñ‡Ñ‚Ğ¾ Ğ·Ğ° ÑĞ·Ñ‹Ğº Ñ‚Ğ°ĞºĞ¾Ğ¹, Ñ‡Ñ‚Ğ¾Ğ±Ñ‹ Ğ½Ğµ Ğ³Ğ¾Ğ²Ğ¾Ñ€Ğ¸Ğ»Ğ°, Ğ° Ğ²ÑÑ‘ Ñ€Ğ°Ğ²Ğ½Ğ¾ ĞºĞ°Ğº-Ğ±ÑƒĞ´Ñ‚Ğ¾ Ñ‰Ğ° Ğ¿Ğ¾Ñ€Ğ½Ğ¾ Ğ½Ğ°Ñ‡Ğ½Ñ‘Ñ‚ÑÑ))",102 sem,-1,-1,Responder
604,soldehawaii,"I had and drove this car for 2 years, best car Iâ€™ve ever had. Her reaction is a bit ridiculous though, but driving it is a pleasure.",102 sem,-1,-1,Responder
605,soldehawaii,"I had and drove this car for 2 years, best car Iâ€™ve ever had. Her reaction is a bit ridiculous though, but driving it is a pleasure.",102 sem,-1,-1,1 Me gusta
606,soldehawaii,"I had and drove this car for 2 years, best car Iâ€™ve ever had. Her reaction is a bit ridiculous though, but driving it is a pleasure.",102 sem,-1,-1,1 Me gusta
607,jurikaunisto,@paivihakala ğŸ˜˜,102 sem,-1,-1,Responder
608,paivihakala,@jurikaunisto ğŸğŸ,102 sem,607,0,Responder
609,eughenes_mc_callan,ğŸš²ğŸš²Tesla the must,102 sem,-1,-1,1 Me gusta
610,flaviagitersonke,@gitersonke ğŸ˜‰,102 sem,-1,-1,Responder
611,gidsmds,ğŸ¤”ğŸ¤”ğŸ¤”ğŸ¤”ğŸ¤”,102 sem,-1,-1,1 Me gusta
612,thisiseliottt,@mymom,102 sem,-1,-1,Responder
613,_koniglena_,Eâ¤ï¸â¤ï¸,102 sem,-1,-1,1 Me gusta
614,kaits.lifexo,I need to win the lotto asap ğŸ™ŒğŸ”¥,102 sem,-1,-1,1 Me gusta
615,carswithoutgas,@k_ricco_ ğŸ™ŒğŸ¼ğŸ¥‚,102 sem,614,0,Responder
616,meeer_xx,ğŸ˜,102 sem,-1,-1,1 Me gusta
617,dech94aswoolfy,@melyguy96 les fameuses accÃ©lÃ©ration ğŸ˜‚,102 sem,-1,-1,Responder
618,melyguy96,"@dech94aswoolfy si encore c'Ã©tait comme Ã§a mais du tout, toi Ã§a fait un vidÃ©o dingue ğŸ˜‚",102 sem,617,0,1 Me gusta
619,sky_sky_,Verificado,102 sem,-1,-1,1 Me gusta
620,marianne_the_md,@mikepfau @andreea_emilia the celebrity couple. Youâ€™ve been mistaken for Guy Pearce and Eva Lovia. ğŸ¤ª,102 sem,-1,-1,1 Me gusta
621,andreea_emilia,@marianne_the_md hahahaha you are too kindğŸ˜‚â¤,102 sem,620,0,Responder
622,hun_aerials,is a tesla more for the man or for his husband?,102 sem,-1,-1,1 Me gusta
623,hard_harder_hardstyle,Where is the sound. That girls is still crying in the car,102 sem,-1,-1,1 Me gusta
624,jonremibredesen,@eva_mathilde,102 sem,-1,-1,1 Me gusta
625,idasmand,@ida.halberg ğŸ˜ğŸ˜ğŸ˜,102 sem,-1,-1,Responder
626,john.philippe2017,Love ğŸ’,102 sem,-1,-1,1 Me gusta
627,realjakegibson,@linnybucket,102 sem,-1,-1,1 Me gusta
628,nathanarnerlof,Yellow flannel. We know what that means,102 sem,-1,-1,1 Me gusta
629,eetuuma,@juulia_salo ğŸ˜‡ğŸ’œ,102 sem,-1,-1,Responder
630,soldehawaii,"I had and drove this car for 2 years, best car Iâ€™ve ever had. Her reaction is a bit ridiculous though, but driving it is a pleasure.",102 sem,-1,-1,Responder
631,ctown_91,@__dianimal remind you of anything? ğŸ™ƒ,102 sem,-1,-1,Responder
632,ruthe100,@juliane_ruthenberg,102 sem,-1,-1,Responder
633,tedster827,@tobindekorne @agaspeed,102 sem,-1,-1,2 Me gusta
634,tobindekorne,@tedster827 every. Damn. Day.,102 sem,633,0,Responder
635,tedster827,"@tobindekorne haha oops, sorry. ğŸ˜¬",102 sem,633,1,Responder
636,tobindekorne,@tedster827 hahaha itâ€™s all fun,102 sem,633,2,Responder
637,oskar.pedersen,@annakjallstrom,102 sem,-1,-1,1 Me gusta
638,sufian_zaynk,She damn flatğŸ¤·â€â™‚ï¸ğŸ¤·â€â™‚ï¸ğŸ¤·â€â™‚ï¸ğŸ˜‘ğŸ˜‘,102 sem,-1,-1,1 Me gusta
639,sufian_zaynk,Link?,102 sem,-1,-1,1 Me gusta
640,creativeinterior1996,Nice @teslamotors,102 sem,-1,-1,Responder
641,kweimer711,@jessicasusanneswift @_wyattbliley_,102 sem,-1,-1,Responder
642,emmanuel.duverneau,@lisarenejohnson,102 sem,-1,-1,Responder
643,bandy89,@jerrybangbang letâ€™s do it,102 sem,-1,-1,Responder
644,jerrybangbang,@bandy89 not happening anymore. What a surprise huh,102 sem,643,0,Responder
645,bandy89,@jerrybangbang ğŸ˜¢,102 sem,643,1,Responder
646,hun_aerials,"I was wondering, does guys with teslas shave their legs?",102 sem,-1,-1,Responder
647,vipor26,"@hun_aerials nope, also drives great off road (model X)",102 sem,646,0,Responder
648,khokhlov6391,ğŸ‘,102 sem,-1,-1,Responder
649,schwinn89,@kchand6,102 sem,-1,-1,Responder
650,jessaleec,Iâ€™ve got to get a Tesla firstğŸ¤·ğŸ»â€â™€ï¸ğŸ˜©,102 sem,-1,-1,1 Me gusta
651,sensarpensar,@aarvin14,102 sem,-1,-1,Responder
652,aarvin14,@sensarpensar she is so much calmer than me,102 sem,651,0,1 Me gusta
653,sensarpensar,@aarvin14 wait till we get the dual motor Y ğŸ˜œ,102 sem,651,1,Responder
654,staceyrobertspilatesandyoga,Feel the Ludicrous speed of a Tesla! ğŸ”¥ğŸš˜ ğŸ¼,102 sem,-1,-1,1 Me gusta
655,afrahr,@oxzing1,102 sem,-1,-1,Responder
656,rchaseadams,@jonathanmabey @alexmadamss,102 sem,-1,-1,1 Me gusta
657,jonathanmabey,@rchaseadams ğŸ˜‚ğŸ˜‚ğŸ˜‚,102 sem,656,0,Responder
658,e_m_lang,@chellexmicb,102 sem,-1,-1,Responder
659,e_m_lang,The launch is the best part.,102 sem,658,0,Responder
660,mr_entrepreneurr,@andrearakic,102 sem,-1,-1,2 Me gusta
661,alexprotic,@mr_entrepreneurr jealous @andrearakic,102 sem,660,0,Responder
662,andrearakic,@alexprotic my neck tho,102 sem,660,1,1 Me gusta
663,_corena_razi,I have the same reaction all the time. ğŸ˜ƒ,102 sem,-1,-1,1 Me gusta
664,sariahbatt,@ everyoneiknow ğŸ˜,102 sem,-1,-1,Responder
665,skizzyscott,ğŸ‘€ğŸ‘€ğŸ‘€ @mclonetattoos,102 sem,-1,-1,Responder
666,watchnow__,Have all made it to the Midwest yet? We would love to have you all in our StatesğŸ™ŒğŸ™ŒğŸ™ŒğŸ˜± #TeslaRocks,102 sem,-1,-1,1 Me gusta
667,lpi684,#ludicrousspeedğŸ™ŒğŸ½,102 sem,-1,-1,Responder
668,mjsillah67,@isillah77,102 sem,-1,-1,1 Me gusta
669,shirls_curls,Canâ€™t wait to have that feelingğŸ‘¸ğŸ¾,102 sem,-1,-1,1 Me gusta
670,danczerepak,Have you guys considered utilizing this product light for Rental Services in Urban Areas? It can be useful for Safaris and or Theme Parks as well. Consider restructuring the company. Add a Hybrid line and cut prices. This Company is in hot water and on thin ice. Sell it for Tourism in Europe and or Australia. Provide maintenance services for the rental services. Maybe use it for University settings and or Golf Courses? Ports and or Airports. Where the vehicle does not need to go far. Limit the reach to the Cities. Adjust your EBITA and also have your stock factor in your no existent P/E Ratio.,102 sem,-1,-1,1 Me gusta
671,tony_ortega1,@xochitl0807 but she gets mad,102 sem,-1,-1,Responder
672,ron.the_creator,@makmotors I need a Tesla.,102 sem,-1,-1,Responder
673,iamchidi,@theherdsmen.novel,102 sem,-1,-1,Responder
674,rui.rsilva,The speed is worth never spending a dime on your hair stylist again. ğŸ˜‚,102 sem,-1,-1,1 Me gusta
675,johnjwilliamson,@teliahrenee one day... ğŸ˜,102 sem,-1,-1,Responder
676,davidfroyo,@danielanthonio3 ğŸ‘ŒğŸ‘Œ,102 sem,-1,-1,Responder
677,benjjjjaminbarrells,This has me feeling single af,102 sem,-1,-1,1 Me gusta
678,fakiegawdfather,@moreuhhhh goals af,102 sem,-1,-1,Responder
679,donny_babe,So wait a second...this car slowly unbuttons womenâ€™s shirts? Musk you rascal.,102 sem,-1,-1,1 Me gusta
680,thomashle,@amandalisinski,102 sem,-1,-1,1 Me gusta
681,amandalisinski,@thomashle Every time ğŸ˜±,102 sem,680,0,Responder
682,jake.d.ruiz,@jakereddevils @dmalf10,102 sem,-1,-1,1 Me gusta
683,_ivanvalentino,@colethegreat14,102 sem,-1,-1,Responder
684,haakonsj,@lyndsey_sandra,102 sem,-1,-1,Responder
685,christianzaia,@tamilasayadi,102 sem,-1,-1,1 Me gusta
686,_kevinwang_,@kayhoolay,102 sem,-1,-1,1 Me gusta
687,spencerklawans,@alyxstewart sry not sry,102 sem,-1,-1,1 Me gusta
688,gandalftesla,@s1phant,102 sem,-1,-1,Responder
689,sanketkudav,@hiimonikaa you freak out when I drive now imagine me behind the wheel of this thing.,102 sem,-1,-1,2 Me gusta
690,hiimonikaa,@sanketkudav hi pls get a Tesla ğŸ¤ğŸ¼,102 sem,689,0,Responder
691,hiimonikaa,@sanketkudav hi pls get a Tesla ğŸ¤ğŸ¼,102 sem,689,1,Responder
692,dave.oliva,@winn.er ğŸ˜¬,102 sem,-1,-1,Responder
693,vincent_viau,@sim_houle7 @biscuit_breton @vincent_viau,102 sem,-1,-1,Responder
694,sim_houle7,@vincent_viau nice,102 sem,693,0,Responder
695,oooookeving,@jdinwiddie @nadinwiddie ğŸ˜ğŸ˜ğŸ˜,102 sem,-1,-1,Responder
696,nadinwiddie,@oooookeving especially after dinnerğŸ¤¢side note- I love that theyre also listening to cardi B bc thatâ€™s accurate as well !!ğŸ˜‚,102 sem,695,0,Responder
697,frankables,@kendall.design @natalie.frank,102 sem,-1,-1,1 Me gusta
698,kendall.design,@frankables ğŸ˜‚ğŸ˜‚ğŸ˜‚,102 sem,697,0,Responder
699,chrgngo,Just look at the happiness riding in a Tesla brings @superiormusclecars!,102 sem,-1,-1,2 Me gusta
700,_.agera._,My 7.0 liter V-8 could give more smiles per gallon,102 sem,-1,-1,1 Me gusta
701,zach_fields,@aliviafields,102 sem,-1,-1,Responder
702,zacharyault,@elenakay,102 sem,-1,-1,Responder
703,tisalette,@princess_kali_luv_ sorry,102 sem,-1,-1,1 Me gusta
704,dnzssrl,@aygennnnnnn ehehehehe :D,102 sem,-1,-1,1 Me gusta
705,ayggen,@bilalsagirli ehehehesjsksk agaaaaa,102 sem,704,0,1 Me gusta
706,samaraaalam,@ no one cuz i donâ€™t have a tesla ğŸ˜“,102 sem,-1,-1,1 Me gusta
707,dblx1,Who are they?,102 sem,-1,-1,Responder
708,gg.elim,@itsbamaya,102 sem,-1,-1,1 Me gusta
709,awesomeattorney,@fishcat6,102 sem,-1,-1,Responder
710,hollister_kuw,"I just woke up, l dreamed l killed Musk ğŸ˜­",102 sem,-1,-1,Responder
711,queen.libra87,I need that kind of horsepowerğŸ˜ğŸ”¥,102 sem,-1,-1,1 Me gusta
712,pauls24,@brez5 I canâ€™t help it,102 sem,-1,-1,Responder
713,my.georgia.lynn,ğŸ–¤,102 sem,-1,-1,Responder
714,hussain_basit_awan,Awesome,102 sem,-1,-1,Responder
715,ericjin0,@jelly456 when I buy my Tesla weâ€™re doing this all day long,102 sem,-1,-1,1 Me gusta
716,smcrawford123,@derekcarder,102 sem,-1,-1,Responder
717,derekcarder,@smcrawford123 ğŸ‘,98 sem,716,0,Responder
718,stacey_moore_kc,@mtm35,102 sem,-1,-1,Responder
719,shleshs,@parini08,102 sem,-1,-1,1 Me gusta
720,julian_salles,@wesleyrwilliford,102 sem,-1,-1,Responder
721,bridger_christensen,@eth.christensen,102 sem,-1,-1,1 Me gusta
722,eth.christensen,@bridger_christensen soon,102 sem,721,0,1 Me gusta
723,rosegoldthakur,@ambika_pandey ğŸ¤£,102 sem,-1,-1,Responder
724,rahat_ibn_lokum,Tesla owners go faster on highways donâ€™t drive like a my grandma.,102 sem,-1,-1,1 Me gusta
725,thedanshepherd,@freyaholly,102 sem,-1,-1,Responder
726,jose.a.vega,This interior ğŸ‘Œ @momof4amazingboys @jaimeavilla @rokotsekelle @mommyof2z,102 sem,-1,-1,1 Me gusta
727,mommyof2z,@jose.a.vega yup only for single like you but not with kids like me ğŸ˜œ...,102 sem,726,0,Responder
728,mommyof2z,@jose.a.vega yup only for single like you but not with kids like me ğŸ˜œ...,102 sem,726,1,Responder
729,momof4amazingboys,@jose.a.vega YASSSSS!!!!!,102 sem,726,2,1 Me gusta
730,samsteyer41,@tessakathleen,102 sem,-1,-1,1 Me gusta
731,itslarisxs,@kevinliuqt speed,102 sem,-1,-1,Responder
732,a.alansaari,Ù„Ø§ ÙŠØ§ Ø´ÙŠØ®,102 sem,-1,-1,Responder
733,paulossmoraes,Caracaaaaaaaa,102 sem,-1,-1,Responder
734,annabee04,@mitchmcelroybjj ğŸ˜˜ ğŸš—ğŸ’¨,102 sem,-1,-1,Responder
735,paisleydescartes,Michael Jordan and Jackson. Paisley freedom action university.,102 sem,-1,-1,Responder
736,jonataspc_,@greyci_ktt,102 sem,-1,-1,1 Me gusta
737,nuallas._.6,Brap brap stututu,102 sem,-1,-1,Responder
738,jlieberman__,@mlieberman_,102 sem,-1,-1,1 Me gusta
739,ras_simonnnn,@pdtdhsimon,102 sem,-1,-1,Responder
